NAME,TIME
,
,
,
,
,
seohyunkim0,51.23619
bdbd,70.79681
areum,57.32703
reumi,71.87031
mai,62.89485
,74.55529
,59.09457
dfdf,59.36089
fdfdfdfd,60.8781
,66.46231

abc,53.01774
arte,57.23109
arteta,53.49952
lkj,57.92947
lkjh,52.15413
areum,51.82034
reumi,55.68601
reumi,53.05661
fnrw,66.61082
k,66.70731
