NAME,TIME
,
,
,
,
,
kimareum,106.18549
bdbd,95.16284
areum,89.15623
reumi,115.91258
dfdf,108.15749
dessert,123.36761
abcd,106.93761
alskdj,95.53174
,147.5246
